,Descripcion,IdCategoria
0,Restaurants,0
1, Chinese,1
2,Food,2
3, Grocery,3
4,Pet Groomers,4
5, Pet Sitting,5
6, Pets,6
7, Pet Services,7
8,Towing,8
9, Automotive,9
10, Body Shops,10
11,Grocery,11
12, Food,12
13, Shopping,13
14, Fashion,14
15, Drugstores,15
16, Department Stores,16
17, Discount Store,17
18, Electronics,18
19,Bars,19
20, Restaurants,20
21, Sports Bars,21
22, Nightlife,22
23,Health & Medical,23
24, Urgent Care,24
25,Beauty & Spas,25
26, Tattoo,26
27,Home & Garden,27
28, Local Services,28
29, Appliances,29
30, Appliances & Repair,30
31,Home Services,31
32, Tree Services,32
33,Radiologists,33
34, Doctors,34
35, Health & Medical,35
36,Steakhouses,36
37, Burgers,37
38, Bakeries,38
39, Desserts,39
40, Fast Food,40
41, Coffee & Tea,41
42,Carpet Cleaning,42
43, Home Services,43
44, Home Cleaning,44
45, Window Washing,45
46, Professional Services,46
47, Pressure Washers,47
48, Office Cleaning,48
49,Event Planning & Services,49
50, Venues & Event Spaces,50
51,Masonry/Concrete,51
52, Gardeners,52
53, Landscape Architects,53
54, Landscaping,54
55, Irrigation,55
56, Nurseries & Gardening,56
57, Home & Garden,57
58,Local Services,58
59, Shoe Repair,59
60,Automotive,60
61, Auto Repair,61
62,Home Window Tinting,62
63, Car Window Tinting,63
64, Auto Detailing,64
65, Vehicle Wraps,65
66, Auto Glass Services,66
67, Auto Parts & Supplies,67
68, Cocktail Bars,68
69, American (New),69
70, American (Traditional),70
71, Bars,71
72,Specialty Schools,72
73, Education,73
74, Gyms,74
75, Sports Clubs,75
76, Arts & Entertainment,76
77, Arcades,77
78, Event Planning & Services,78
79, Recreation Centers,79
80, Fitness & Instruction,80
81, Art Schools,81
82, Child Care & Day Care,82
83, Active Life,83
84, Bubble Tea,84
85, Vietnamese,85
86,Home Decor,86
87, Gift Shops,87
88, Flowers & Gifts,88
89, Cafes,89
90, Breakfast & Brunch,90
91,Korean,91
92, Sandwiches,92
93, Cheesesteaks,93
94,American (Traditional),94
95, Pubs,95
96, Gastropubs,96
97, Beer Bar,97
98,Italian,98
99, Pizza,99
100, Movers,100
101,Festivals,101
102, Art Galleries,102
103, Local Flavor,103
104, Community Service/Non-Profit,104
105,Fitness & Instruction,105
106, Yoga,106
107, Dance Studios,107
108,Golf,108
109,Chiropractors,109
110, Physical Therapy,110
111, Massage Therapy,111
112,Shopping,112
113, Bookstores,113
114, Books,114
115, Mags,115
116, Music & Video,116
117, Wheel & Rim Repair,117
118, Oil Change Stations,118
119, Tires,119
120,Massage,120
121, Beauty & Spas,121
122, Medical Spas,122
123,Travel Services,123
124, Financial Services,124
125, Insurance,125
126, Hotels & Travel,126
127, Swimming Pools,127
128,Car Dealers,128
129, Used Car Dealers,129
130,Breakfast & Brunch,130
131,Active Life,131
132, Playgrounds,132
133, Wine Bars,133
134, Wineries,134
135, Steakhouses,135
136,Accessories,136
137, Women's Clothing,137
138, Jewelry,138
139,Veterinarians,139
140,Hotels,140
141, Golf,141
142,Ranches,142
143, Farms,143
144,Beer,144
145, Wine & Spirits,145
146, Kombucha,146
147, Nail Salons,147
148,Chicken Wings,148
149,Auto Repair,149
150, Car Dealers,150
151, Heating & Air Conditioning/HVAC,151
152, Water Heater Installation/Repair,152
153, Plumbing,153
154, French,154
155,Scavenger Hunts,155
156, Team Building Activities,156
157, Contractors,157
158, Smog Check Stations,158
159,Landmarks & Historical Buildings,159
160, Public Services & Government,160
161,Sports Bars,161
162, Mexican,162
163, Tex-Mex,163
164,Books,164
165, Toy Stores,165
166, Comic Books,166
167, Italian,167
168, Photography Stores & Services,168
169,American (New),169
170,Sewing & Alterations,170
171, Bridal,171
172, Bespoke Clothing,172
173, Accessories,173
174,Mobile Phones,174
175, IT Services & Computer Repair,175
176, Mobile Phone Accessories,176
177, Telecommunications,177
178,Bakeries,178
179, Specialty Food,179
180, Donuts,180
181,Cocktail Bars,181
182, Seafood,182
183, Tapas/Small Plates,183
184,Cultural Center,184
185, Arts & Crafts,185
186, Supernatural Readings,186
187, Souvenir Shops,187
188, Spiritual Shop,188
189, Museums,189
190,Cinema,190
191,Vape Shops,191
192, Mediterranean,192
193,Men's Hair Salons,193
194, Hair Stylists,194
195, Hair Salons,195
196,Bagels,196
197, Delis,197
198, Caterers,198
199, Buffets,199
200, Sardinian,200
201, Gelato,201
202,Water Heater Installation/Repair,202
203, Septic Services,203
204, Cuban,204
205, Puerto Rican,205
206, Caribbean,206
207, Dominican,207
208, Latin American,208
209,Home Inspectors,209
210, Beer,210
211, Lounges,211
212,Pets,212
213, Pet Groomers,213
214,Seafood,214
215, Soul Food,215
216, Southern,216
217,Photography Stores & Services,217
218, Pharmacy,218
219, Convenience Stores,219
220,Eyewear & Opticians,220
221, Optometrists,221
222, Sunglasses,222
223,Child Care & Day Care,223
224, Preschools,224
225, Elementary Schools,225
226,Fashion,226
227, Building Supplies,227
228, Home Decor,228
229, Hardware Stores,229
230, Kitchen & Bath,230
231,Burgers,231
232, Scuba Diving,232
233, Diving,233
234,Party Equipment Rentals,234
235, Party Supplies,235
236,Doctors,236
237, Ear Nose & Throat,237
238, Allergists,238
239, Audiologist,239
240, Cosmetic Surgeons,240
241,Preschools,241
242, Video Game Stores,242
243, Videos & Video Game Rental,243
244,Pizza,244
245, Bagels,245
246, Comfort Food,246
247, Banks & Credit Unions,247
248, Formal Wear,248
249, Men's Clothing,249
250, Plus Size Fashion,250
251, Barbers,251
252,Tires,252
253, Thai,253
254,Indoor Playcentre,254
255, Tutoring Centers,255
256, Private Tutors,256
257, Summer Camps,257
258, Kids Activities,258
259,Barbers,259
260, Reiki,260
261, Makeup Artists,261
262,Hair Salons,262
263, Men's Hair Salons,263
264, Diners,264
265,Hotels & Travel,265
266, Hotels,266
267, Sports Medicine,267
268, Massage,268
269,Apartments,269
270, Real Estate,270
271, Shopping Centers,271
272,Japanese,272
273,Pet Stores,273
274,Fruits & Veggies,274
275,Dog Parks,275
276, Parks,276
277, Salad,277
278, Food Trucks,278
279,Laundry Services,279
280, Dry Cleaning & Laundry,280
281, Dry Cleaning,281
282,Shoe Stores,282
283, Seafood Markets,283
284,Pet Services,284
285,Fast Food,285
286,Self Storage,286
287, Couriers & Delivery Services,287
288,Amusement Parks,288
289, Party & Event Planning,289
290,Dry Cleaning & Laundry,290
291, Laundry Services,291
292, Sewing & Alterations,292
293,Recycling Center,293
294, Junkyards,294
295, Junk Removal & Hauling,295
296, Excavation Services,296
297,Caterers,297
298,Float Spa,298
299,Education,299
300, Interior Design,300
301, Art Supplies,301
302, Glass & Mirrors,302
303, Art Classes,303
304,Convenience Stores,304
305,Hot Dogs,305
306, Tacos,306
307, Fish & Chips,307
308, Canadian (New),308
309, Propane,309
310, Utilities,310
311, Chicken Wings,311
312,Gas Stations,312
313, Modern European,313
314,Professional Services,314
315, Divorce & Family Law,315
316, Lawyers,316
317, Legal Services,317
318,Local Flavor,318
319, Trampoline Parks,319
320, Pet Training,320
321, Pet Boarding,321
322, Chiropractors,322
323, Pet Stores,323
324, Tapas Bars,324
325, Meat Shops,325
326, Barbeque,326
327, Butcher,327
328,Public Services & Government,328
329, Landmarks & Historical Buildings,329
330,Real Estate,330
331, Mortgage Brokers,331
332, Juice Bars & Smoothies,332
333,Diners,333
334,Zoos,334
335, Petting Zoos,335
336, Tennis,336
337,Chinese,337
338,Thrift Stores,338
339,Venues & Event Spaces,339
340,Car Wash,340
341,Salad,341
342,Appraisal Services,342
343, Nutritionists,343
344, Axe Throwing,344
345, Go Karts,345
346, Virtual Reality Centers,346
347, Donairs,347
348, Poutineries,348
349, Ice Cream & Frozen Yogurt,349
350,Day Spas,350
351, Cupcakes,351
352, Custom Cakes,352
353,Sporting Goods,353
354, Bikes,354
355, Mountain Biking,355
356,Country Clubs,356
357,Pest Control,357
358,Cardio Classes,358
359,Greek,359
360,Family Practice,360
361, Walk-in Clinics,361
362, Medical Centers,362
363, Pet Adoption,363
364,Parks,364
365,Home Cleaning,365
366,Dive Shops,366
367, Hobby Shops,367
368, Sporting Goods,368
369,Coffee & Tea,369
370,Gyms,370
371, Trainers,371
372, Weight Loss Centers,372
373,Antiques,373
374, Lighting Fixtures & Equipment,374
375,Farming Equipment,375
376, Electricians,376
377, Electronics Repair,377
378,Specialty Food,378
379, Farmers Market,379
380, Fruits & Veggies,380
381,Piercing,381
382, Walking Tours,382
383, Observatories,383
384, Tours,384
385,Music Venues,385
386, New Mexican Cuisine,386
387, Environmental Testing,387
388, Real Estate Services,388
389, Home Inspectors,389
390,Medical Supplies,390
391, Eyewear & Opticians,391
392,Trainers,392
393, Circuit Training Gyms,393
394,Vegan,394
395, Acai Bowls,395
396, Skating Rinks,396
397,Nail Technicians,397
398, Waxing,398
399, Hair Removal,399
400,Bowling,400
401, Pool Halls,401
402, Shoe Stores,402
403,Thai,403
404,Sandwiches,404
405,Soup,405
406,Nightlife,406
407,Orthopedists,407
408, Baby Gear & Furniture,408
409, Furniture Stores,409
410,Bespoke Clothing,410
411, Embroidery & Crochet,411
412, Indian,412
413, Food Stands,413
414, Street Vendors,414
415,Tacos,415
416, Antiques,416
417, Used,417
418, Vintage & Consignment,418
419, Hot Dogs,419
420, Ophthalmologists,420
421, Asian Fusion,421
422, Cards & Stationery,422
423,Banks & Credit Unions,423
424,Hair Removal,424
425, Eyelash Service,425
426,Internet Service Providers,426
427, Television Service Providers,427
428,Mexican,428
429,Gay Bars,429
430,Travel Agents,430
431, Vacation Rental Agents,431
432, Travel Services,432
433, Valet Services,433
434, Commercial Real Estate,434
435, Real Estate Agents,435
436,Gold Buyers,436
437, Pawn Shops,437
438,Airlines,438
439, Transportation,439
440, Airports,440
441,Herbs & Spices,441
442, Cajun/Creole,442
443, Beer Gardens,443
444, Piano Bars,444
445, Pool Cleaners,445
446, Pool & Hot Tub Service,446
447,Orthodontists,447
448, Dentists,448
449, Pediatric Dentists,449
450, Pediatricians,450
451,Women's Clothing,451
452,Vitamins & Supplements,452
453, Music Venues,453
454, Performing Arts,454
455,Tattoo,455
456, Piercing,456
457, Food Delivery Services,457
458,Waxing,458
459, Skin Care,459
460, Laser Hair Removal,460
461, Car Wash,461
462,Hair Extensions,462
463, Transmission Repair,463
464,Asian Fusion,464
465,Ice Cream & Frozen Yogurt,465
466, Prosthodontists,466
467, General Dentistry,467
468, Cosmetic Dentists,468
469, Spanish,469
470, Trinidadian,470
471, Venezuelan,471
472,Cuban,472
473, Food Tours,473
474, Yelp Events,474
475, Educational Services,475
476,Food Delivery Services,476
477, Solar Installation,477
478, Lebanese,478
479, Middle Eastern,479
480, Greek,480
481,Eyelash Service,481
482, Eyebrow Services,482
483, Gluten-Free,483
484,Used,484
485, Costumes,485
486, Clothing Rental,486
487,Nail Salons,487
488,Cosmetic Dentists,488
489, Peruvian,489
490, Criminal Defense Law,490
491, Bankruptcy Law,491
492, General Litigation,492
493, Estate Planning Law,493
494, DUI Law,494
495, Mattresses,495
496, Outlet Stores,496
497,Truck Rental,497
498, Packing Supplies,498
499, Self Storage,499
500,Middle Eastern,500
501, Laser Eye Surgery/Lasik,501
502,Eyebrow Services,502
503, Nail Technicians,503
504,Funeral Services & Cemeteries,504
505,Ophthalmologists,505
506,Outdoor Gear,506
507, Beach Equipment Rentals,507
508, Surf Schools,508
509, Hats,509
510, Surf Shop,510
511, Swimwear,511
512, Specialty Schools,512
513, Generator Installation/Repair,513
514,Desserts,514
515, Do-It-Yourself Food,515
516,Pet Adoption,516
517, Security Services,517
518, Pet Breeders,518
519,Amateur Sports Teams,519
520, Soccer,520
521,Foundation Repair,521
522, Masonry/Concrete,522
523, Decks & Railing,523
524, Pest Control,524
525, Carpenters,525
526,Juice Bars & Smoothies,526
527, Poke,527
528, Hawaiian,528
529, Cosmetics & Beauty Supply,529
530, Day Spas,530
531,Trailer Dealers,531
532, Musicians,532
533, Dance Clubs,533
534, Sushi Bars,534
535, Breweries,535
536,Music & DVDs,536
537, Vinyl Records,537
538,Hainan,538
539,Kitchen & Bath,539
540, Tiling,540
541, Flooring,541
542, Karaoke,542
543,Allergists,543
544,Bike Rentals,544
545, Bike Repair/Maintenance,545
546,General Dentistry,546
547, Orthodontists,547
548, Vegetarian,548
549,Massage Therapy,549
550, Reflexology,550
551, Traditional Chinese Medicine,551
552, Tui Na,552
553, Internal Medicine,553
554, Osteopathic Physicians,554
555, Family Practice,555
556, Soup,556
557, Hiking,557
558,Barbeque,558
559, Dive Bars,559
560, Japanese,560
561,Imported Food,561
562, Ethnic Food,562
563,Endodontists,563
564, Oral Surgeons,564
565, Boot Camps,565
566, Interval Training Gyms,566
567,Performing Arts,567
568,New Mexican Cuisine,568
569,IT Services & Computer Repair,569
570, Computers,570
571,Discount Store,571
572,Pubs,572
573, Pretzels,573
574,Oil Change Stations,574
575, Gas Stations,575
576, Halal,576
577, Public Markets,577
578, Food Court,578
579, Martial Arts,579
580,Furniture Stores,580
581, Surgeons,581
582, Videographers,582
583, Printing Services,583
584, Photographers,584
585, Patisserie/Cake Shop,585
586, Guest Houses,586
587, Bed & Breakfast,587
588,Cafes,588
589, Endodontists,589
590,Heating & Air Conditioning/HVAC,590
591,Brewpubs,591
592,Mediterranean,592
593,African,593
594,Flowers & Gifts,594
595, Florists,595
596, Floral Designers,596
597, Wedding Planning,597
598,Transmission Repair,598
599,Auto Parts & Supplies,599
600, Hot Tub & Pool,600
601, Personal Shopping,601
602, Tobacco Shops,602
603,Vegetarian,603
604, Vegan,604
605,Videos & Video Game Rental,605
606,Hospitals,606
607, Blow Dry/Out Services,607
608, Hair Extensions,608
609, Hair Loss Centers,609
610, Tanning,610
611, Spray Tanning,611
612, Tanning Beds,612
613,Tapas Bars,613
614, Dermatologists,614
615,Body Shops,615
616,Latin American,616
617,Mortgage Brokers,617
618,Makeup Artists,618
619,Shipping Centers,619
620, Apartments,620
621,Hardware Stores,621
622, Mobile Phone Repair,622
623, Battery Stores,623
624,Arts & Crafts,624
625, Fabric Stores,625
626, Coffee Roasteries,626
627, Saunas,627
628,Dentists,628
629, Speakeasies,629
630,Drugstores,630
631, Laundromat,631
632, Tea Rooms,632
633, Adult Entertainment,633
634, Adult,634
635, Cinema,635
636, Leather Goods,636
637,Boot Camps,637
638, Crane Services,638
639,Costumes,639
640, Thrift Stores,640
641, Donation Center,641
642, Holiday Decorations,642
643,Arts & Entertainment,643
644, Festivals,644
645,Police Departments,645
646, Car Buyers,646
647,Party Supplies,647
648,Cosmetics & Beauty Supply,648
649, Limos,649
650, Ukrainian,650
651, Windshield Installation & Repair,651
652, Chicken Shop,652
653,Buffets,653
654,Health Markets,654
655,Hostels,655
656, Beverage Store,656
657,Graphic Design,657
658,Cooking Schools,658
659, Cooking Classes,659
660, Bike Rentals,660
661, Paddleboarding,661
662, Scooter Rentals,662
663,Skin Care,663
664, Periodontists,664
665, Noodles,665
666,French,666
667,Vietnamese,667
668,Photographers,668
669, Event Photography,669
670, Session Photography,670
671,Physical Therapy,671
672, Macarons,672
673, Chocolatiers & Shops,673
674, Car Rental,674
675,Office Cleaning,675
676,Notaries,676
677, Shipping Centers,677
678, Mailbox Centers,678
679,Gunsmith,679
680, Keys & Locksmiths,680
681, Safe Stores,681
682, Ramen,682
683, Resorts,683
684,Indian,684
685, Irish,685
686,Contractors,686
687, Carpeting,687
688, Shades & Blinds,688
689, Carpet Installation,689
690, Rugs,690
691,Vacation Rental Agents,691
692, Property Management,692
693,Florists,693
694,Party Bus Rentals,694
695, Airport Shuttles,695
696, Counseling & Mental Health,696
697,Translation Services,697
698, Bus Tours,698
699, Party Bus Rentals,699
700, Buses,700
701,Financial Services,701
702, Auto Loan Providers,702
703, Auto Customization,703
704,Sicilian,704
705, Massage Schools,705
706,Department Stores,706
707, Mobile Phones,707
708, Health Markets,708
709, Organic Stores,709
710, Acne Treatment,710
711,Auto Customization,711
712,Pet Sitting,712
713, Mortgage Lenders,713
714, Internet Service Providers,714
715, Wraps,715
716,Musical Instruments & Teachers,716
717,Blow Dry/Out Services,717
718, Shaved Ice,718
719,Flooring,719
720, Windows Installation,720
721, Acupuncture,721
722,Boating,722
723,Airport Shuttles,723
724, Bus Rental,724
725, Historical Tours,725
726,Musicians,726
727, DJs,727
728,Strip Clubs,728
729, Champagne Bars,729
730, Striptease Dancers,730
731,Commercial Real Estate,731
732, Shared Office Spaces,732
733, Golf Equipment,733
734, Door Sales/Installation,734
735, Siding,735
736,Jewelry,736
737, Children's Clothing,737
738, Home Window Tinting,738
739,Snow Removal,739
740,Wine Bars,740
741, Fences & Gates,741
742,Auto Detailing,742
743,Religious Organizations,743
744, Churches,744
745, Car Stereo Installation,745
746,Reiki,746
747, Life Coach,747
748, Office Equipment,748
749, Wholesale Stores,749
750, Mongolian,750
751,Building Supplies,751
752,Jazz & Blues,752
753,Departments of Motor Vehicles,753
754, Taxis,754
755, Sports Wear,755
756,Organic Stores,756
757, Boating,757
758, RV Dealers,758
759, Fishing,759
760,Naturopathic/Holistic,760
761, Cabinetry,761
762, Home Organization,762
763, Post Offices,763
764, Wine Tasting Room,764
765,Lounges,765
766, Cycling Classes,766
767,Waffles,767
768,Garage Door Services,768
769, Boxing,769
770, Barre Classes,770
771, Pilates,771
772, Meaderies,772
773, Watches,773
774, Gold Buyers,774
775,Hats,775
776,Breweries,776
777,Delis,777
778, International Grocery,778
779,Canadian (New),779
780,Hair Stylists,780
781,Resorts,781
782, Dog Walkers,782
783, Balloon Services,783
784, Vitamins & Supplements,784
785, Wine Tours,785
786, Beer Tours,786
787,Dry Cleaning,787
788, Knitting Supplies,788
789, Tabletop Games,789
790,Mobile Phone Accessories,790
791,Car Stereo Installation,791
792, Boat Repair,792
793, Auto Security,793
794, Water Purification Services,794
795, Water Delivery,795
796,Electronics Repair,796
797, Indoor Playcentre,797
798, Pasta Shops,798
799,Real Estate Agents,799
800,Casinos,800
801, Haunted Houses,801
802, Amusement Parks,802
803, Wigs,803
804, Towing,804
805, Dog Parks,805
806,Vocational & Technical School,806
807, Fitness/Exercise Equipment,807
808, Veterinarians,808
809, Calabrian,809
810,Bike Repair/Maintenance,810
811,Motorcycle Dealers,811
812, Motorcycle Repair,812
813, Motorcycle Gear,813
814,Screen Printing/T-Shirt Printing,814
815, Furniture Reupholstery,815
816, Country Dance Halls,816
817, Tiki Bars,817
818, Boat Charters,818
819, Boat Tours,819
820, Australian,820
821,Property Management,821
822,Passport & Visa Services,822
823,Aquariums,823
824, Aquarium Services,824
825,Plus Size Fashion,825
826, Wine Tasting Classes,826
827, Tasting Classes,827
828, German,828
829, Painters,829
830,Optometrists,830
831,International Grocery,831
832,Hobby Shops,832
833,Doulas,833
834, Lactation Services,834
835, Midwives,835
836, Obstetricians & Gynecologists,836
837, Childbirth Education,837
838, Prenatal/Perinatal Care,838
839,Shutters,839
840, Public Art,840
841, Carpet Cleaning,841
842,Custom Cakes,842
843,Soccer,843
844, Uniforms,844
845, Screen Printing/T-Shirt Printing,845
846, Musical Instruments & Teachers,846
847, Teeth Whitening,847
848, Permanent Makeup,848
849, Body Contouring,849
850, Ultrasound Imaging Centers,850
851, Diagnostic Services,851
852, Diagnostic Imaging,852
853,Horseback Riding,853
854, Pet Cremation Services,854
855, Music & DVDs,855
856,Prosthetics,856
857, Orthotics,857
858,Tanning,858
859, Police Departments,859
860, Radiologists,860
861,Used Car Dealers,861
862, Hookah Bars,862
863,Sushi Bars,863
864, Departments of Motor Vehicles,864
865, Registration Services,865
866,Peruvian,866
867,Paddleboarding,867
868, Jet Skis,868
869, Rafting/Kayaking,869
870,Southern,870
871,Gluten-Free,871
872, Farming Equipment,872
873,Keys & Locksmiths,873
874,Tree Services,874
875, Snow Removal,875
876, Firewood,876
877, Handyman,877
878, Rehabilitation Center,878
879, Pain Management,879
880,Party & Event Planning,880
881, Ski & Snowboard Shops,881
882, Skate Shops,882
883,Reflexology,883
884,Mobile Phone Repair,884
885, Web Design,885
886, Data Recovery,886
887,Obstetricians & Gynecologists,887
888, Laboratory Testing,888
889, Head Shops,889
890,Cajun/Creole,890
891,Dance Clubs,891
892,Pulmonologist,892
893, Wallpapering,893
894, Paint Stores,894
895, Distilleries,895
896, Brewpubs,896
897,Seafood Markets,897
898,Modern European,898
899, Watch Repair,899
900,Wedding Planning,900
901,Comfort Food,901
902, Translation Services,902
903, Driving Schools,903
904, Test Preparation,904
905, Waffles,905
906,Payroll Services,906
907, Accountants,907
908, Tax Services,908
909, Business Consulting,909
910,Lawyers,910
911, Immigration Law,911
912,Libraries,912
913,Dim Sum,913
914,Internal Medicine,914
915,Hookah Bars,915
916, Packing Services,916
917,Threading Services,917
918, Paint & Sip,918
919, Art Space Rentals,919
920,Gelato,920
921, Financial Advising,921
922,Plumbing,922
923, Irish Pub,923
924,Men's Clothing,924
925, Truck Rental,925
926, Country Clubs,926
927,Irish,927
928,Nurseries & Gardening,928
929, Olive Oil,929
930,Tex-Mex,930
931, Threading Services,931
932,Anesthesiologists,932
933, Orthopedists,933
934, Internet Cafes,934
935,Rafting/Kayaking,935
936, Shoe Shine,936
937, Imported Food,937
938, Pakistani,938
939,Windows Installation,939
940,Appliances & Repair,940
941, Health Coach,941
942,Magicians,942
943,Chicken Shop,943
944, Grout Services,944
945, Climbing,945
946, Rock Climbing,946
947,Glass & Mirrors,947
948,Gun/Rifle Ranges,948
949, Guns & Ammo,949
950, Archery,950
951,Educational Services,951
952, Jazz & Blues,952
953, Vape Shops,953
954, Taekwondo,954
955, Tai Chi,955
956,Decks & Railing,956
957, Notaries,957
958,Donuts,958
959,Pharmacy,959
960, Boat Dealers,960
961, Roadside Assistance,961
962,Medical Centers,962
963,Uniforms,963
964, Smokehouse,964
965, Art Restoration,965
966, Framing,966
967, Estheticians,967
968,Real Estate Services,968
969,Art Galleries,969
970,Surgeons,970
971, Whiskey Bars,971
972,Marinas,972
973,CPR Classes,973
974,Gift Shops,974
975, Environmental Abatement,975
976, Foundation Repair,976
977, Damage Restoration,977
978, Hospitals,978
979, Emergency Rooms,979
980,Skating Rinks,980
981,Halal,981
982, Perfume,982
983, Candle Stores,983
984, Candy Stores,984
985, RV Repair,985
986, Social Clubs,986
987, Cantonese,987
988, Szechuan,988
989,Floral Designers,989
990, Motorcycle Dealers,990
991,Lingerie,991
992, British,992
993,Door Sales/Installation,993
994, Patio Coverings,994
995, Shutters,995
996,Head Shops,996
997, Garage Door Services,997
998,Electricians,998
999, Newspapers & Magazines,999
1000, Gymnastics,1000
1001,Lawn Services,1001
1002, Well Drilling,1002
1003, Doulas,1003
1004, Auction Houses,1004
1005,Financial Advising,1005
1006, Investing,1006
1007, Insulation Installation,1007
1008, Roofing,1008
1009,Coffee Roasteries,1009
1010,Spray Tanning,1010
1011,Tapas/Small Plates,1011
1012,Caribbean,1012
1013, Skate Parks,1013
1014, Live/Raw Food,1014
1015,Mountain Biking,1015
1016,Pet Training,1016
1017,Boat Charters,1017
1018, Beaches,1018
1019,Electronics,1019
1020, Recording & Rehearsal Studios,1020
1021, Argentine,1021
1022, Empanadas,1022
1023,Firearm Training,1023
1024, Gun/Rifle Ranges,1024
1025,Movers,1025
1026, Motorsport Vehicle Repairs,1026
1027,Customized Merchandise,1027
1028, Graphic Design,1028
1029, Advertising,1029
1030, Libraries,1030
1031,Installment Loans,1031
1032, Check Cashing/Pay-day Loans,1032
1033, Title Loans,1033
1034,Museums,1034
1035, Special Education,1035
1036,Sports Medicine,1036
1037,Dive Bars,1037
1038,German,1038
1039,Shades & Blinds,1039
1040, Mobile Home Repair,1040
1041,Sports Clubs,1041
1042,Transportation,1042
1043, Architects,1043
1044,Bed & Breakfast,1044
1045,Pediatric Dentists,1045
1046,Counseling & Mental Health,1046
1047,Meat Shops,1047
1048, Buddhist Temples,1048
1049, Attraction Farms,1049
1050,Leather Goods,1050
1051,Refinishing Services,1051
1052, Dim Sum,1052
1053, Private Investigation,1053
1054, Process Servers,1054
1055,Escape Games,1055
1056, Chimney Sweeps,1056
1057, University Housing,1057
1058, Luggage,1058
1059,Farmers Market,1059
1060, CSA,1060
1061,Soul Food,1061
1062, Kebab,1062
1063,Post Offices,1063
1064, Shredding Services,1064
1065, Home Theatre Installation,1065
1066,Talent Agencies,1066
1067, Marketing,1067
1068,Tours,1068
1069, Russian,1069
1070, Behavior Analysts,1070
1071,Shopping Centers,1071
1072,Irrigation,1072
1073,Furniture Assembly,1073
1074,Painters,1074
1075,Gutter Services,1075
1076, Pop-up Shops,1076
1077, Public Transportation,1077
1078, Casinos,1078
1079,Shaved Ice,1079
1080, Carpet Dyeing,1080
1081, Naturopathic/Holistic,1081
1082,Gardeners,1082
1083, Lawn Services,1083
1084,Bus Tours,1084
1085,Hiking,1085
1086,Rehabilitation Center,1086
1087,Demolition Services,1087
1088, Customized Merchandise,1088
1089, Laser Tag,1089
1090, Party Equipment Rentals,1090
1091,Martial Arts,1091
1092, Muay Thai,1092
1093,Acupuncture,1093
1094,Formal Wear,1094
1095, Outdoor Gear,1095
1096, Colleges & Universities,1096
1097,Divorce & Family Law,1097
1098,Boat Dealers,1098
1099, Leisure Centers,1099
1100, Delicatessen,1100
1101,Art Museums,1101
1102,Social Clubs,1102
1103, Marinas,1103
1104, Animal Shelters,1104
1105,Beer Bar,1105
1106,Salvadoran,1106
1107,Pediatricians,1107
1108,Ethiopian,1108
1109,Newspapers & Magazines,1109
1110, Taiwanese,1110
1111, Security Systems,1111
1112, Payroll Services,1112
1113,Comic Books,1113
1114,Fish & Chips,1114
1115,Auto Glass Services,1115
1116, Metal Fabricators,1116
1117,Stadiums & Arenas,1117
1118,Do-It-Yourself Food,1118
1119, Horseback Riding,1119
1120,Recreation Centers,1120
1121, Emergency Medicine,1121
1122, Fertility,1122
1123,Fireplace Services,1123
1124,Auto Insurance,1124
1125, Home & Rental Insurance,1125
1126, Life Insurance,1126
1127, Cannabis Clinics,1127
1128,Security Systems,1128
1129,Landscape Architects,1129
1130, Artificial Turf,1130
1131,Noodles,1131
1132, Parking,1132
1133,Baby Gear & Furniture,1133
1134,Siding,1134
1135, Gutter Services,1135
1136,Mattresses,1136
1137, Air Duct Cleaning,1137
1138,Business Financing,1138
1139,Car Rental,1139
1140,Pretzels,1140
1141, Bowling,1141
1142,Urgent Care,1142
1143, Swimming Lessons/Schools,1143
1144,Challenge Courses,1144
1145, Escape Games,1145
1146, Mini Golf,1146
1147,Patio Coverings,1147
1148, Awnings,1148
1149,Fertility,1149
1150, Reproductive Health Services,1150
1151, Brazilian Jiu-jitsu,1151
1152,Commercial Truck Repair,1152
1153,Food Trucks,1153
1154, Colombian,1154
1155, Herbs & Spices,1155
1156,Car Window Tinting,1156
1157,Bridal,1157
1158,Art Restoration,1158
1159,Arabic,1159
1160,Trampoline Parks,1160
1161,Oral Surgeons,1161
1162, Arabic,1162
1163, Furniture Rental,1163
1164,Weight Loss Centers,1164
1165,Telecommunications,1165
1166, Fire Protection Services,1166
1167, Home Automation,1167
1168,Event Photography,1168
1169, Boudoir Photography,1169
1170, Portuguese,1170
1171, Iberian,1171
1172,Dermatologists,1172
1173,Jewelry Repair,1173
1174,Ethnic Food,1174
1175,Food Tours,1175
1176,Cupcakes,1176
1177, Cannabis Dispensaries,1177
1178, Herbal Shops,1178
1179, Flea Markets,1179
1180, Falafel,1180
1181,Pet Boarding,1181
1182,Television Stations,1182
1183, Mass Media,1183
1184, Signmaking,1184
1185, African,1185
1186,Endocrinologists,1186
1187,Champagne Bars,1187
1188, Cabaret,1188
1189, Powder Coating,1189
1190, Cardio Classes,1190
1191,Diagnostic Services,1191
1192, Scandinavian,1192
1193,Podiatrists,1193
1194,Mailbox Centers,1194
1195, TV Mounting,1195
1196,Adult Entertainment,1196
1197, Podiatrists,1197
1198,Playgrounds,1198
1199, Town Car Service,1199
1200, Personal Chefs,1200
1201, Cooking Schools,1201
1202,Landscaping,1202
1203,Cheesesteaks,1203
1204, Refinishing Services,1204
1205,Street Vendors,1205
1206,Ski & Snowboard Shops,1206
1207,Video Game Stores,1207
1208, LAN Centers,1208
1209, Pet Photography,1209
1210, Firearm Training,1210
1211, Travel Agents,1211
1212, Vacation Rentals,1212
1213, Structural Engineers,1213
1214,Couriers & Delivery Services,1214
1215, Mobile Dent Repair,1215
1216, Coffee & Tea Supplies,1216
1217,Tobacco Shops,1217
1218, Furniture Assembly,1218
1219, Day Camps,1219
1220,Swimwear,1220
1221,Arcades,1221
1222,Beaches,1222
1223,Wheel & Rim Repair,1223
1224,Window Washing,1224
1225,Gastropubs,1225
1226, Bike tours,1226
1227,Donairs,1227
1228,Test Preparation,1228
1229,Face Painting,1229
1230, Magicians,1230
1231, Moroccan,1231
1232,Colleges & Universities,1232
1233, Rolfing,1233
1234, Used Bookstore,1234
1235, Jewelry Repair,1235
1236, Religious Organizations,1236
1237, Amateur Sports Teams,1237
1238, Guitar Stores,1238
1239, Musical Instrument Services,1239
1240, Home Health Care,1240
1241,Smog Check Stations,1241
1242,Tanning Beds,1242
1243,Bartenders,1243
1244, Bartending Schools,1244
1245,Pakistani,1245
1246, Fireplace Services,1246
1247,Pool Cleaners,1247
1248,Kids Hair Salons,1248
1249, Auto Upholstery,1249
1250, Zoos,1250
1251,Laundromat,1251
1252, Paint-Your-Own Pottery,1252
1253, Kickboxing,1253
1254,Ramen,1254
1255, Korean,1255
1256,Whiskey Bars,1256
1257, Scottish,1257
1258,Motorcycle Gear,1258
1259,Mass Media,1259
1260, Print Media,1260
1261, Dinner Theater,1261
1262,Summer Camps,1262
1263, Children's Museums,1263
1264,Nutritionists,1264
1265,Creperies,1265
1266,Community Service/Non-Profit,1266
1267,Reproductive Health Services,1267
1268, Lingerie,1268
1269,Honey,1269
1270,Personal Chefs,1270
1271, Bartenders,1271
1272,Train Stations,1272
1273,Framing,1273
1274, Kosher,1274
1275, Stadiums & Arenas,1275
1276, Appraisal Services,1276
1277, Tenant and Eviction Law,1277
1278, Debt Relief Services,1278
1279, Ethiopian,1279
1280,Synagogues,1280
1281, Religious Schools,1281
1282, Livestock Feed & Supply,1282
1283, Cultural Center,1283
1284, Eatertainment,1284
1285, Cigar Bars,1285
1286,Wineries,1286
1287, Neurologist,1287
1288,Office Equipment,1288
1289,Pool & Hot Tub Service,1289
1290, Flowers,1290
1291,Karaoke,1291
1292, Employment Agencies,1292
1293,Team Building Activities,1293
1294, Comedy Clubs,1294
1295, Horse Equipment Shops,1295
1296, Cheese Shops,1296
1297,Fondue,1297
1298,Valet Services,1298
1299, Holiday Decorating Services,1299
1300, Filipino,1300
1301, Recycling Center,1301
1302,Diagnostic Imaging,1302
1303,Medical Cannabis Referrals,1303
1304, Alternative Medicine,1304
1305,Parking,1305
1306,Dance Schools,1306
1307, Brazilian,1307
1308,Computers,1308
1309,RV Parks,1309
1310, Campgrounds,1310
1311, Architectural Tours,1311
1312,Packing Services,1312
1313,DJs,1313
1314, Tubing,1314
1315,Professional Sports Teams,1315
1316,,1316
1317,Dance Studios,1317
1318, Pole Dancing Classes,1318
1319,Candy Stores,1319
1320, Real Estate Law,1320
1321,Trailer Rental,1321
1322, Matchmakers,1322
1323, Retirement Homes,1323
1324, Pool & Billiards,1324
1325,Tiki Bars,1325
1326, Popcorn Shops,1326
1327,Bookstores,1327
1328, Emergency Pet Hospital,1328
1329, Vocational & Technical School,1329
1330,Chocolatiers & Shops,1330
1331, Creperies,1331
1332,Brasseries,1332
1333, Drywall Installation & Repair,1333
1334, Hearing Aid Providers,1334
1335,Personal Injury Law,1335
1336,Shoe Repair,1336
1337,Pilates,1337
1338,Mini Golf,1338
1339, Plastic Surgeons,1339
1340, Hydro-jetting,1340
1341,Pan Asian,1341
1342,Gymnastics,1342
1343,Taiwanese,1343
1344,Junk Removal & Hauling,1344
1345, Demolition Services,1345
1346, Dance Wear,1346
1347,Dumpster Rental,1347
1348,Utilities,1348
1349, Dumpster Rental,1349
1350,Outlet Stores,1350
1351,Laser Eye Surgery/Lasik,1351
1352,Cosmetology Schools,1352
1353, Psychiatrists,1353
1354, Public Relations,1354
1355, Bail Bondsmen,1355
1356, Brasseries,1356
1357,Musical Instrument Services,1357
1358,Permanent Makeup,1358
1359, Karate,1359
1360,Roofing,1360
1361,Solar Installation,1361
1362,Tea Rooms,1362
1363,Environmental Testing,1363
1364, Motorcycle Parts & Supplies,1364
1365, Grilling Equipment,1365
1366, RV Parks,1366
1367,Day Camps,1367
1368,Printing Services,1368
1369,Sailing,1369
1370, Challenge Courses,1370
1371,Public Art,1371
1372, Spine Surgeons,1372
1373, Gay Bars,1373
1374,Puerto Rican,1374
1375,Wildlife Control,1375
1376,Life Insurance,1376
1377, Auto Insurance,1377
1378,Haunted Houses,1378
1379,Churches,1379
1380, Funeral Services & Cemeteries,1380
1381, Honey,1381
1382, Airlines,1382
1383,Art Classes,1383
1384,Internet Cafes,1384
1385,Supernatural Readings,1385
1386, Gemstones & Minerals,1386
1387,Acai Bowls,1387
1388, Cardiologists,1388
1389,Medical Spas,1389
1390, Countertop Installation,1390
1391, House Sitters,1391
1392, Pet Transportation,1392
1393,Appliances,1393
1394,Mortgage Lenders,1394
1395, Waterproofing,1395
1396,Psychics,1396
1397,Estheticians,1397
1398, Medical Supplies,1398
1399,CSA,1399
1400, Holistic Animal Care,1400
1401, Persian/Iranian,1401
1402,RV Repair,1402
1403, Home Network Installation,1403
1404,Patisserie/Cake Shop,1404
1405,Taxis,1405
1406,Tennis,1406
1407,Psychologists,1407
1408,Argentine,1408
1409, Hot Pot,1409
1410, Maternity Wear,1410
1411,Polish,1411
1412,Cannabis Clinics,1412
1413, Medical Cannabis Referrals,1413
1414, Cremation Services,1414
1415, Mortuary Services,1415
1416, Botanical Gardens,1416
1417, Lakes,1417
1418, Float Spa,1418
1419, Outdoor Power Equipment Services,1419
1420,Campgrounds,1420
1421,Fences & Gates,1421
1422,Holiday Decorations,1422
1423, Christmas Trees,1423
1424, Cryotherapy,1424
1425,Speech Therapists,1425
1426, Occupational Therapy,1426
1427,Photo Booth Rentals,1427
1428, Audio/Visual Equipment Rental,1428
1429,Motorcycle Repair,1429
1430,Poke,1430
1431,Guest Houses,1431
1432, Hostels,1432
1433,Video/Film Production,1433
1434, Sugaring,1434
1435,Horse Boarding,1435
1436, Ranches,1436
1437,Windshield Installation & Repair,1437
1438,Countertop Installation,1438
1439,Marketing,1439
1440, Software Development,1440
1441, Psychics,1441
1442, Professional Sports Teams,1442
1443,Christmas Trees,1443
1444, Concierge Medicine,1444
1445,British,1445
1446,Historical Tours,1446
1447,Tiling,1447
1448, Homeowner Association,1448
1449, Apartment Agents,1449
1450,Fire Protection Services,1450
1451, Mediators,1451
1452,Knitting Supplies,1452
1453,Circuit Training Gyms,1453
1454, Radio Stations,1454
1455,Perfume,1455
1456, Laotian,1456
1457, Shanghainese,1457
1458, Henna Artists,1458
1459, Solar Panel Cleaning,1459
1460,Sleep Specialists,1460
1461, Personal Care Services,1461
1462,Bikes,1462
1463, Bicycles,1463
1464, Bike Repair,1464
1465,Paint & Sip,1465
1466,Stucco Services,1466
1467,Afghan,1467
1468, Blood & Plasma Donation Centers,1468
1469, Art Tours,1469
1470, Glass Blowing,1470
1471,Elementary Schools,1471
1472,Nanny Services,1472
1473,Clothing Rental,1473
1474,Vinyl Records,1474
1475, Hybrid Car Repair,1475
1476,Watches,1476
1477,Food Court,1477
1478,Rolfing,1478
1479, Meditation Centers,1479
1480,Cantonese,1480
1481, Screen Printing,1481
1482, Oncologist,1482
1483,Candle Stores,1483
1484, Cosmetology Schools,1484
1485,Car Auctions,1485
1486,Kosher,1486
1487, Fur Clothing,1487
1488, Brewing Supplies,1488
1489,Interior Design,1489
1490, Commissioned Artists,1490
1491,Auction Houses,1491
1492,Hot Tub & Pool,1492
1493,Barre Classes,1493
1494, Vascular Medicine,1494
1495,Yelp Events,1495
1496,Periodontists,1496
1497,Pasta Shops,1497
1498,Wine Tasting Room,1498
1499,Airports,1499
1500, First Aid Classes,1500
1501,Auto Security,1501
1502,Business Consulting,1502
1503, Pumpkin Patches,1503
1504, Cambodian,1504
1505,Embroidery & Crochet,1505
1506,Dominican,1506
1507,Body Contouring,1507
1508,Butcher,1508
1509,Insurance,1509
1510,Laboratory Testing,1510
1511, Dental Hygienists,1511
1512, Airport Lounges,1512
1513,Pop-up Shops,1513
1514, Bangladeshi,1514
1515,Pawn Shops,1515
1516,Yoga,1516
1517, Trailer Rental,1517
1518, Taxidermy,1518
1519,Handyman,1519
1520,ATV Rentals/Tours,1520
1521,Home Network Installation,1521
1522,Home Theatre Installation,1522
1523, High Fidelity Audio Equipment,1523
1524,Live/Raw Food,1524
1525,Firewood,1525
1526,Dog Walkers,1526
1527, Wedding Chapels,1527
1528, Officiants,1528
1529, Religious Items,1529
1530, Wildlife Control,1530
1531, Hot Air Balloons,1531
1532, Photo Booth Rentals,1532
1533,Cannabis Collective,1533
1534,Life Coach,1534
1535, Career Counseling,1535
1536,Data Recovery,1536
1537,Wedding Chapels,1537
1538,Piano Bars,1538
1539,Distilleries,1539
1540, Polish,1540
1541, Farm Equipment Repair,1541
1542, Dance Schools,1542
1543,Fishing,1543
1544, Adult Education,1544
1545,Leisure Centers,1545
1546,Cheese Shops,1546
1547,Motorsport Vehicle Repairs,1547
1548,Emergency Rooms,1548
1549,Workers Compensation Law,1549
1550, Vehicle Shipping,1550
1551,Taekwondo,1551
1552,Session Photography,1552
1553, Passport & Visa Services,1553
1554, Aquariums,1554
1555, Tattoo Removal,1555
1556,Flea Markets,1556
1557, Nanny Services,1557
1558, Outdoor Furniture Stores,1558
1559, Pet Insurance,1559
1560, Commercial Truck Repair,1560
1561,Beer Gardens,1561
1562, Fingerprinting,1562
1563, Local Fish Stores,1563
1564,Print Media,1564
1565,Accountants,1565
1566, Ethnic Grocery,1566
1567,Cards & Stationery,1567
1568,Skate Shops,1568
1569, Hockey Equipment,1569
1570, IV Hydration,1570
1571, Pick Your Own Farms,1571
1572, Pan Asian,1572
1573, Aestheticians,1573
1574,Car Inspectors,1574
1575,Pet Hospice,1575
1576,Toy Stores,1576
1577,Condominiums,1577
1578, Video/Film Production,1578
1579,Employment Agencies,1579
1580,Lighting Fixtures & Equipment,1580
1581,Empanadas,1581
1582, Playsets,1582
1583,Swimming Pools,1583
1584,Laotian,1584
1585, Parasailing,1585
1586, Experiences,1586
1587,Animal Shelters,1587
1588, Hazardous Waste Disposal,1588
1589,Septic Services,1589
1590,Signmaking,1590
1591,Service Stations,1591
1592, Stucco Services,1592
1593,Bail Bondsmen,1593
1594, Salvadoran,1594
1595, Japanese Curry,1595
1596, Elder Law,1596
1597, Wills,1597
1598, Trusts,1598
1599, & Probates,1599
1600,Grilling Equipment,1600
1601, Wholesalers,1601
1602, Pop-Up Restaurants,1602
1603,Singaporean,1603
1604, Kids Hair Salons,1604
1605,Real Estate Law,1605
1606, Business Law,1606
1607,Employment Law,1607
1608, Social Security Law,1608
1609, Workers Compensation Law,1609
1610, Personal Injury Law,1610
1611,Food Stands,1611
1612,Fabric Stores,1612
1613, Face Painting,1613
1614,Town Car Service,1614
1615, Turkish,1615
1616,Drywall Installation & Repair,1616
1617,Filipino,1617
1618, Commercial Truck Dealers,1618
1619, Embassy,1619
1620,Sports Wear,1620
1621,Tax Services,1621
1622, Kitchen Incubators,1622
1623,Home & Rental Insurance,1623
1624,Bangladeshi,1624
1625,Car Buyers,1625
1626, Paintball,1626
1627,Osteopathic Physicians,1627
1628,Cannabis Dispensaries,1628
1629,Gastroenterologist,1629
1630,Advertising,1630
1631, Community Centers,1631
1632, Service Stations,1632
1633, Mohels,1633
1634, Synagogues,1634
1635,University Housing,1635
1636,Wholesale Stores,1636
1637,Vehicle Shipping,1637
1638, Trailer Dealers,1638
1639,Guns & Ammo,1639
1640,Adult,1640
1641,Guitar Stores,1641
1642, Art Museums,1642
1643,Basque,1643
1644,Maternity Wear,1644
1645, Egyptian,1645
1646, Afghan,1646
1647,Boxing,1647
1648,Health Retreats,1648
1649,Hot Pot,1649
1650,Furniture Repair,1650
1651,Tattoo Removal,1651
1652,RV Rental,1652
1653,Fingerprinting,1653
1654,Pool & Billiards,1654
1655,Damage Restoration,1655
1656, Car Inspectors,1656
1657, Fondue,1657
1658,Bubble Tea,1658
1659,Cosmetic Surgeons,1659
1660,Spanish,1660
1661,Immunodermatologists,1661
1662, Skilled Nursing,1662
1663,Cremation Services,1663
1664, South African,1664
1665, Bistros,1665
1666,Ski Resorts,1666
1667, Ziplining,1667
1668,Cideries,1668
1669,Wraps,1669
1670, CPR Classes,1670
1671,Aquarium Services,1671
1672,Nurse Practitioner,1672
1673,Safe Stores,1673
1674,Livestock Feed & Supply,1674
1675, Sheds & Outdoor Storage,1675
1676,Art Schools,1676
1677,Limos,1677
1678,Driving Schools,1678
1679, Cannabis Collective,1679
1680,Trinidadian,1680
1681, Bubble Soccer,1681
1682,Packing Supplies,1682
1683, Dive Shops,1683
1684, Traffic Ticketing Law,1684
1685, Austrian,1685
1686,Vacation Rentals,1686
1687,Investing,1687
1688, Roof Inspectors,1688
1689, Cafeteria,1689
